{
  "records": {
    "wexecute command through command shell": 1,
    "163mexecute command through command shell": 1,
    "Hello WorldQuery: ": 1,
    "Hello WorldQuery: 1": 3,
    "开始有道中英互译基于有道网页 API": 26,
    "Google TranslatePlugin that allow you to translate any words to any languages": 2,
    "Afrikaansaf": 1,
    "Chinese Simplifiedzh-CN": 3,
    "killActivate Wox.Plugin.ProcessKiller plugin": 1,
    "Thunder - 9260e:\\program files (x86)\\thunder network\\thunder9\\program\\thunder.exe": 1,
    "No resultsclick to view help": 2,
    "td -a [text]add todos": 1,
    "add new item \"test\"": 2,
    "test0 seconds ago": 1,
    "testclick to remove todo": 2,
    "add new item \"test2\"": 1,
    "test2click to remove todo": 1,
    "Wox插件管理 - Action Keywords: wpm安装/卸载/更新Wox插件": 1,
    "uninstall <Package Name>list installed plugins": 2,
    "wpmActivate Wox插件管理 plugin": 1,
    "Wox.Plugin.SimpleClockSimple Clock": 1
  }
}